stemming_ulasan,label
shoppe aplikasi bagus mudah paham mudah jual beli tolong saat cod barang daerah kabupaten bandung barat kurang hormat shoppe tolong perhati cod sabang merauke daerah provinsi kabupaten jangkau cod,1
ubah bintang bayar credit kembali gak dipake herandeh gtu top up potong rb cod biaya tangan gede dehh,1
bagus ongkos kirim lumayan mahal banding belah rating fake costumer servis bot crash proses layan mohon tingkat gudang sistem cod bagus tampil berat,2
shope emank shope kirim paket cod pesan tolong tip toko nakal belanja aplikasi pernh kayak gin aplikasi rugi,0
sistem cod sulit ongkos kirim mahal bayar pakai bank mahal payah mahal,0
shopee bayar cod udh ga gratis ongkos kirim udh ga blanja shopee alih platform,1
mohon update shopee dobel bayar guna saldo shopeepay kurang bayar bayar e wallet bank sistem cod lebih bagus kompetitor belah pakai sistem shopee kalah,1
aplikasi shopee bagus apk online jamin shoope ongkos kirim daerah padang mahal sayang beli produk mahal ongkirnya bijak shoope sistem cod laku yakin konsumen pikir ongkirnya biaya tangan cod hitung biaya,1
kurang ratingnya rating komentar kasi da baik cod komen toko terap sistem cod barang shopee gk terap cod alamat dukung sistem cod males belanja,0
payah belanja shopee error minimal belanja tambah terang cod cekout cod cekout pindah belanja,0
bagus sayang tipu sdh baik dng cod buka,2
jasa kirim ongkos kirim gratis aneh kesini mahal ribet biaya tangan cod mahal transfer dpat ongkos kirim gratis hapus shopee mahal ambil biayaya,1
shopee susah cari toko cod arah bayar seehhbank,2
pakai shopee error login lihat barang order trus trus coba login gabisa udh masuk nomer telfon gak kode verifikasi order barang harga lumayan jalan bayar cod untung gak isi shopee pay kmaren,1
biaya cod layan ku kasih bintang,2
tolong shopee beli bayar cod biaya tangan bayar rb beli reguler pakai voucher ongkos kirim diskon potong cuman bbrpa ribu harga reguler rb pakai voucher diskon ongkos kirim sisa rb rasa korupsi,1
pesan barang tanggung cod cash on delivery mohon kecewa,0
promo trz grtis ongkos kirim bkin emosi hrga murah ttp biaya ongkos bohong woy mna cod sush bner bkin kecewa,2
sistem layan bayar cod biaya tangan sesuai dg nilai transaksi maksud yaa gak masuk akal gak nyaman belanja enak belah cod ttp gk biaya tambah,1
beli cod trkdng trkendala acara besok fitur cod non aktif admin roket atur nyaman dlm belanja mudah mudah bintang kembali baik fitur terima kasih shoppe produkx puas ongkos kirim,1
plng neng blnja disophee skrng ga paksa kemas seller ga seller skrng banyak bngt ngemasnya lbh dr cod biaya tangan mahal bngt biaya untk tlfn cs susah bngt dlm kirim brng sesuai bngt proses percumah chat cs kirim bukti bolak ulang pdhl sdh nyata seller kdng ga amanah dr expedisi salah,0
iklan tarik boong cod nyata gak gratis ongkos kirim potong paruh ongkirnya mahal ongkirnya guna barang gratis ku checkout barang gak rumah ku terang batal otomatis shoppe bareng ku suka gak bayar cod uninstall,1
asalamualaikum warohmatullahi wabarokatuh cod sedia mohon kerjasamanya wasallam,2
spx express ngk cod buka bayar cod pakai shopeepay sekian paket dicancel dadak kembali jual agen bikin bosan barang butuh males belanja toko oren,0
bantu dlm berbenlanja online harga jangkau mudah bayar sistem cod hemat wlw kaya negri ono,2
suka belanja shopee murah bebas ongkos kirim cod cek barang sesuai pesan,1
mohon maaf aplikasi shopee masuk tolong buka aplikasi shopee bug buffering nyaman voucher cashback khusus spaylater voucher cod luarbiasa nominal belanja spaylater turun limit guna platinum limit kredit lunas terimakasih,1
login hape scan barcode hape hape ku jual mb apk ribet login bayar tagih gabisa hari gabisa masuk akun suruh gausah bayar yaa aneh,2
cek out akun batas aktivitas beli jual langgar bijak shopee lambat bayar shoopeepaylater gilir aktifin akun suruh isi formulir msukan ktp kakak ngeri belanja kaya daftar pinjol kemarin enak belanja ribet trnyata shopee ga kaya aplikasi belah ga ribet apk belah kakak ktp bayar cod transfer smpe akun pke kakak ktp,0
selamat tinggal shopee nomer gk login gara verifikasi qr code coba hape gagal qr code login hape hapenya reset pabrik yasudahlah aneh gk login nomer verifikasi nomer pakai telepon trus pakai bahasa spanyol verifikasi qr code update balas scan qr gk scan muter gk dm lanjur top up aplikasi belah kasih alternatif login,1
kasih bintang gara pesan batalin shopee gara tf gak cod uninstal apk shopee ku,2
apk shope sdh sempurna fullkan bintang paket cod cek dulunya kurir antar paket cod cek tawar silah cek paket sbg tanda kurir sdh erti beda cod cek cod moga sukses depan suka blj shopee murah gratis ongkos kirim,1
shopee siip cod barang cek bayar pokok manteb tingkat banyakin promonya,2
shopee kasi diskon gratis ongkos kirim sistem bayar cod cek bantu,2
shope jelek paket slalu lambat butuh cobak bikin cod varian jadi bingung tolong kerja download shopi gak tiktokshp gin melulu gakmau say pakek apk belik ngutang tolong cepat sesuai tanggal,0
shopee baik kecewa beli curang jual saran shopee pilah pilih toko shopee tetbaik banyak extra gratis ongkos kirim cod bantu percaya guna belanja,0
layan bagus kendala login hp susah masuk pakai barcode coba pakai barcode tetep gagal payah akun pesan terima estimasi paksa uninstal,0
shopee guna belanja x cod barang paket selesai selang barang produk paket smpe x pdhal pesan x khawatir nnti barang terus pliss stop kirim barang stop gmna marah langsung uninstall aplikasi shopee,0
belanja shopee enak salah cod barang cepat aman,2
aplikasi mudah lanja butuh lengkap bayar mudah barang beli bayar rumah cod mudah beli bayar transfer bayar alfamart indomaret tunggu barang kirim seler,1
langgan shopee trimakasih shopee tolong turunin biaya tangan cod,2
paket cod gagal kirim tolong baik,2
sistem cod aplikasi shopee minim konsumen butuh alat butuh part kendara alat ikasi kredit sulit bayar konsumen cod sengaja mati produsen kecil daya beli konsumen indonesia,0
beli cod shope kirim konsumen terima pesan tetangga kirim klau konsumen terima temu langsung barang pesan kembali toko repot deh tetangga belah,0
gratis ongkos kirim cod buka produk tambah untul katagori,1
shoope skrg ga enak masa gratis ongkirnya pkek sea bank cod oo udh bgus shope kemarin baru mkin bgus mkin ribet,1
shopee buruk kerja nyaa sistem cod cek bayar nth kekmana lambat terang barang antar alamat tuju ga jelas gagal kirim return jual kurir chat gamau balas suka ken bahh,1
aneh yah shopee toko gak bayar pakai payleter chat shopee toko pilih terima bayar pakai payleter beda ny toko terima bayar pakai apapapun gilirin cod toko bayar gilir paylater pilih sadar gak latur aneh bin ajaib orang sehat untung ny tolong bijak shopee biar toko terima bayar payleter,1
barang variasi harga lumayan jangkau jeli cari murah kualitas pilih cod kirim cepat,1
aplikasi bagus seler antar rumah kembali jual kecewa truss beli eh tau deh gak cod,0
apk hapus hp habis servis download log in scan barcode qr boss,2
ongkos kirim cod sesuai cod cek nyoba cek kurir larang kayak sistem laksana toko bagus,2
hallo min bantu follow up komplaint kait transaksi laku transaksi shopee paylater beli x transaksi tsb tanggal september jam september jam transaksi tsb transaksi scan barcod mohon cepat direspon,1
tolong teliti menginput data alamat tuju kirim paket cod pesan barang tsb tolong perhati kasi kurir,2
kesel shopee ekspedisi paket pesan cod ku nyampenya hari nyampenya kampung bilang bawain g dibawain kena cancel kurir ga bicara konfirmasi minggu kena cancel butuh barang skrg kesel jadi,0
senang belanja shopee rumah cari barang butuh perlu pribadi jual tinggal buka aplikasi shopee pilih barang chekout cod rumah transfer bantu mmg sulit rumah anak kcl sulit tinggal shopee is the best terima kasih gratis ongkirnya,2
biaya cod mahal toko cod free gk tambah biaya,2
woy shopee orang rumah cek paket terima paket team ekspedisi balikkin paket jual explain minimal ga balikkin kesel anj ditungguin balikkin cod matiin sial,0
gasuka cod biaya hehdhshey,2
terima kasih shopee percaya limit spaylater sistem cod cek terap kirim kurir gagal paham dg sistem maaf salah terima kasih again salam sukses jaya,1
slowrespon shopee sumpah deh shopee lambat cari produk bayar cod pakai transfer terus donlot olshop,2
belanja shopee kecewa barang belanja sesuai pesan murah andal cod,1
gratis ongkos kirim pakai bayar cod gk suka bayar cod repot keluar uang tunai,2
niat ny sen barang enak fitur cod eh apk ny ngebug berat respon lambat loading layar putih jaring udh wifi tolong baik,2
shope pakai voucher baday pakai shopepay saldo beli butuh pakai shopepay eh suruh ganti cod deh capek kecewa shopee erti,0
system cod cek fungsi pilih bayar pilih cod cek ubah cod kurir barang cek tetep bayar debat kurir tetep bayar metode tes metode fungsi fungsi salah sstem shopeenya kurir yaa sinkron,2
bismillah check out jual alamat gk tera alamat hilang coba titik disetting tahu trx cod kurir hubung lha bayar kurir susah payah update tu gk ush nghilangin tulis guna shopee,0
ko cod yah kirain cod yah gak tolong,2
mohon bantu bijak shopee kena tipu kena ingat paket cod sesuai pesan kembali kurir buka terima kurir terima kasih kasih solusi retur barang sesuai pesan shopee tolong ingat belah gak adil nama korban laku,1
sukaa skrng toko cod barang truss murah estimasi kirim poll make hemat daerah tt tt,1
belanja shopee enak gampang cod moga depan tingkat,1
sudh belanja shopee neng belanja gratis ongkos kirim sistem cod gratis ongkos kirim guna shopee pay suka belanja pakai sistem cod rumah tf isi saldo shopee pay tingkat kualitas layan banyak gratis ongkos kirim seksama jabodetabek voucher gratis ongkos kirim,1
shopee keren apa cod bayar tempat kirim suka jaring atow bikin lambat loding kirim,1
x kirim spx salah alamat lai jne dsbg alamat cod,0
kirim kecewa cod sesuai aplikasi barang transfer lebih estimasi tanggal aplikasi x kecewa kirim aplikasi parahh,0
haddehh paket ga gerak cakung dc batal terang paket kirim tolong shopee selagi paket sistem cod ga kirim pilih menu jual pakai jasa kirim spx jne,2
problematika sesat buyer cod pesan barang cek metode bayar gak cod pdhal baca produk lambang cod tolong donk baik biar gak salah kaprah gak sesat buyer v terima kasih,0
skrg shopee asik lambat bayar pdhl saldo skrg bayar sistem cod susah kaya duluu lagi tolong benar pakai nyaman konsisten pakai apk shopee,1
kurir shopee express gak beres cod x gk hubungin kurir membatalin katain duit bayar bilang menghubungin gak menghubungin tolong shopee express kurir perhati medan,1
shoopee belanja mudah pilih belanja barang perlu agam vouchernya tambah layan cod buka keren,1
suka aplikasi kecewa sistim cod barang gak cek bayar selesai bayar kondisi barang fungsi sistim smartwatch gak fungsi usaha hubung shopee gagal,0
paket kembali seller rupa,2
login barcode sandi email inget hp cuman reset ulang gak login shopee pesan,2
shopee tingkat fiturnya dr cod cek tu ngemudahin barang ga sesuai trus ongkirnya tu behh skrg voucher inti drpd bagus bnget,2
mohon maaf susah gak produk cod ksh cod produk cod ehh cod tolong yaa jual kasihan jual sibuk nyusahin,2
barang murah gak jual tipu keluh banyak tulis cod bayar tempat checkout eh gak udh pilih kirim ongkos kirim mahal gak bayar cod jual tera cod shopee betul sistem dengar masuk konsumen developer gak sepi langgan,1
cod biaya layan mahal tolong baik,2
aplikasi lambat gambar bilang cod gerat ongkos kirim chekout ongkirnya mahal ongkirnya barang gambar sesuai asli jelek barang harga mahal maless,0
suka aplikasi belanja puas gak iklan gratis ongkirnya cod lho temanteman ongkos kirim mahal apaapa gratis ongkirnya,1
aplikasi bagus bangat murah barang kualitas aplikasi skrg shopee pilit vocher minimal belanja skrg minimal belanja shope pey gak cod,0
belanja shopee untung mudah puas deh shopee layan bagus kirim cepat kurir ramah belanja shopee maantap potong ongkos kirim gratis ongkos kirim cod loh gak repot rumah pokok belanja shopee ok deh,1
aplikasi anehh pacar beli barang cod barang tulis kirim tolak terima batal nunggu pacar metode cod bulan depan ngebatalin dirugiin anehh,0
apk bgus bantu masa pandemi gin promo potong ongkos kirim cod min beli cod transaksi minimal beli loh fitur shopeepay gampang bngt rekomendasiin deh pakai shopeepay bayar mudah gk biaya tangan voucher potong ongkos kirim loh cashback discount loh,2
ga nyangka pakai qrcode bayar gopay terima kasih for this connected,2
lma error jaring bagus gbsa lihat beranda loading pakai wifi ongkirnya mahal gratis ongkos kirim g tulis min belanja rb untk produk check out dg harga an vcrny g baca snk udh bca atur smua sesuai tetep pakai voucher voucher pke spay seabank tlg ain lbh vcr cod,1
shopee peduli kacau orang erti sistem cod kuat gratis ongkos kirim cod kurang hilang potong ongkos kirim transfer bank beli orang standby rumah pelit voucher peduli kurir,1
pakai metode bayar transfer bca gratia ongkos kirim tipe orang males cod shopeepaylater keluh,2
aplikasi bantu proses belanja beli mudah semua handphone basis android fitur game tarik voucher akses wilayah pencil cod,2
sebener aplikasi shopee bagus promo paket lambat dateng paket ku minggu an tanggal estimasi terima jne parahh lemott dn lokasi paket gak kalok cod cari barang toko uang tf woy dn barang pakai tugas sekolah kecewa,0
suka opsi kirim mahal ongkos kirim gk cod gk kurir shopee kembali opsi kirim guna shopee suka tuju opsi kirim update an aman kendala opsi kirim kendala beli guna shopee terima kasih shopee moga opsi kirim kembali yaa,2
aplikasi lambat jaring bagus cepat mb lambat buka apk gambar produk nunggu ngak check out check out gratis ongkos kirim ongkos kirim biaya tangan cod indonesia check out produk bilang ngak ambil tempat,1
shopee filter pencarin cod pesan muncul toko aktif cod fungsi filter cari,2
diskon cashback harga barng murah cod pakai voucher,1
mudah temu barang cari kualitas maksimal kecewa seller puas barang pesan aman bagus selamat kirim cepat sesuai jadwal jam pesan puas transaksi cod lacar jaya sentosa inti belanja shopee anti kena tipu kualitas barang ok seller ramah terimakasih shopee mudah belanja,1
belanja bngt bayar cod bank shopepay ngajuin spinjam spaylater tolak,2
shopee update layan bagus gratis ongkirnya update berantak pakai seabank bar gratis ongkirnya gk cod ruwet nyesel update,2
aneh shoppe kurir kena sanksi pdahal kurir gk nganterin alamat cod suruh tf deh gak alamat suruh ambil rumah kurir gaji ambil tolong shoppe kurir kena sanksi customer,2
dr beli barang shopee cod g cod,2
mantap belanja mudah gak pergi tinggal klik tunggu rumah barang puas sistem cod gak atm gak pergi indo alfamaret bayar rumah puas deh belanja shopee barang berkwalitas toko terima kasih shopee,1
info login hp ga scan barcode sdkgkan dihp shopenya hapus logout,2
tolong shoppe cod tuh malam tlg baik notifikasi barang chat astaga,2
respect shopee update nggk karuan fitur reseller susah fitur tawar ilangin platinum nmbah bnyak voucher dikit voucher cma bnyak voucher live seabank paylatter suka fitur cod beli voucher rugi kalok jual tlong min kembali shopee sedia,2
shopee orange tawar produk sesuai butuh shopee belanja sesuai butuh cod shopay spaylater nikmat fitur kendala rasa jaring loading masuk shopee tunggu depan tolong baik fitur jaring,2
shoppe cod aneh informasi paket jalan rumah rumah gak mana eh malam notif gagal kirim kembali jual estimasi udh x,2
apk shopee uninstall apk lambat berfikir cod banyak gak tiga ongkos kirim mahal barang pesan potong harga lazada kirim enam tutup apk shopee rekomend tujuh estimasi tunda sampek bulan terima,0
kirim pakai shoope express mesen barang ampe x transit gegara alas cuaca kirim tolong baik alas tamu komplain bayar cod,2
halo seller shopee aplikasi bantu pasar produk seller terap sistem cod toko saran alangkah produk terap sistem cod non cod seller atur produk cod non cod sajah saran seller shopee mudah mudah saran timbang terimakasih,2
senang deech belanja shopee cod gak capek tinggal nunggu barang bayar barang cepat akun shopee masalah ntah gak chat jual bingung produk beli blom chat jual yaah tolong bantu shopee,1
sumpah kecewa shopee jasa kirim paket kembali jual konfirmasi parah cod terang paket bawa kurir terang sistem cod paket buka beli ubah pikir paket kembali jual terima paket bentuk paket lihat kurir konfirmasi sumpah kecewa,2
tolong shopee iklan cod cek kurir rugi buyer main buka paket tanda konfirmasi kurir,2
mahal biaya tangan cod gratis ongkos kirim min rb uang cashback koin kecewa shopee,2
kurir shopee spx enak cancel pesan hubung cek status pesan retur ekspedisi konfirmasi lokasi hubung jadi cod tanggung,0
metode bayar cod ko gk gratis ongkos kirim aplikasi lambat tolong baik belanja lebi nyaman tiktok tutup aneh aplikasi,1
aplikasi bagus mudah baja kurir kirim cepat tanggung alam barang terima kurir lupa scan barcode paket terang aplikasi shoppe dlm kirim kasihann malam unt barang terima unt yuk harga teman moga bapak kurir ekspedisi sehat mudah rizki aamiin,1
aplikasi bantu kurang cod sesuai tanggal pesan aplikasi guna lambat,0
kena tipu chek out barang cod shock breaker kirim sendal shopee bantu payah ga tanggung ga aju kembali kirim beda resi inti tipu shopee cegah jahat,0
mohon jasa kirim mudah customer pilih jasa kirim ninja express j t alam pilih jasa kirim spx paket pesan antar rumah metode bayar cod kurir spx sebar luas jasa kirim,1
menu top up voucher game ubah menu pilih top up vouchernya hilang menu voucher game game top up codm bdm lainlain menu pilih kembali fitur menu top up voucher aplikasi shopee buka ubah perangkat coba cek min bedak update,1
beli makan mahal gak recommended beli barang live murah x kecewa shopeepay habis saldo eh metode bayar ubah cod konfirmasi kacau shopee hati beli barang mahal suruh cod,2
kecewa dg fitur spaylater spinjam sedia belanja cod tf bank muncul fitur,0
gatau nilai aplikasi bagus cod batas voucher gabisalah md males ngetik bintang moga depan,2
kurir ga now watching cari tetangga andal nomor telepon beda usahain barang cod usahain kurir,1
paket kembali jual rumah ngehubungin kembali jual barang sementang paket cod suka sukak ken nyetel bah gapernah masalah make cod ku bayar barang ken rusak salah laen ku tengok sok paten bah riwayat cod ku gagal alas ken bersih bersih pantat bayi,2
shopee nilai gagal sulit jaring bagus alamat dukung cod mohon baik terima kasih,0
pakai shopee kecewa pesan barang dr tanggal september tanggal gak lacak dishub kirim dekat tanggal september batal kurir alas antar alamat tuju kurir hubung kena ingat shopee anggap salah metode bayar cod gara kurir masalah akun jelek,0
gak masalah shoppe rekomendasi teman pakai bikin kesel sen barang gila kirim plis shoppe pesan gagal paksa kirim konfirmasi seller nyata cancel sistem paket sen kaya akun nonaktif sistem cod,0
suka jasa kirim shopee ekspres standar alam buruk ekspedisi kurir galak paket lempar paket simpan paket cod kasih informasi dadak rumah gak org sllu stay rumah paket rumah tinggal gk org wa jam luncur lokasi nyata jujur sm ekspedisi shopee ekspres kecewa,1
selamat shopee sulit seller blur no telepon cust pdhl jalan mudah konfirmasi produk habis pesan cod beli bnyak bayar biaya admin mahal ambil untung ribu kena biaya admin ribu deh minus deh,2
shopee tolong tindak lanjut check out gabisa aktivitas curiga check out pakai hp cod ga check out check out ga pakai spay latter bayar pakai shopee pay tolong shopee udh ganti nomor alamat email beda tetep udh uninstall instal,0
promo serba pke shopeepay min gk cod asu,2
hp restart login gabisa scan barcode scan tetep gabisa eror melulu update ga,2
belanja shopee asyik promo bebas ongkos kirim cashback lainx free ongkirx bayar shopee pay imbang suka beli cod ribet tenang tinggal nunggu barang bayar,1
shopee baik expedisi order cod langsung kirim non tunai bangat kirim,2
belanja shopee senang barang bagus kecewa sayang ongkirnya mahal tolong timbang ongkos kirim konsumen senang belanja shopee mikir belanja shopee jasa kirim hemat parah pakai cod biaya tangan pokok shopee gak enak,1
kecewa langgan setia shopee skrg ribet pdhal ga bnyak fitur ga log in susah kmren dikarnakan hp hilang skrg ganti log in pke akun suruh scan barcode hp hilang kaya gin ribet,2
tolong shopee langsung blokir akun bodong pokok x x tolak ambil paket kasih cod akun kayak applikasi belah lazada tolong baik sistem kasi kurir paket,0
shopee the best belanja butuh apa lgs pilih belanja cod shopepay spaylather barang sdh mantap kece,1
tolong shopee toko kirim barang cacat masak barang cacat kirim tambah fitur cod banyakin plus fitur cod akun hasil bayar pesan bayar barang atas,1
over all bagus sayang voucher gratis ongkos kirim cod kaya pakai seabank seabank,1
butuh lot ampun bingung aplikasi bawa tolong baik stress aplikasi perangkat hp ram internal sisa sangaat buka shopee lot buka apa lancar full bayar maksud beda drastis biaya tangan layan belanja cod rupiah,0
aplikasi tingkat ok saran shopeepay laternya cicil bulan shopee ok tolong banyak sistem cod jngn mahal ongkos kirim kesini shopee yahuutt mudah an kembang,2
aplikasi shopeenya bagus barang harga ramah kantong sedia murah mahal sayang ekspedisi shopee ekspress puas sen paket x barang antar status aplikasi kirim gagal kembali jual customer rugi sistem cod nonaktif salah pakek ekspedisi jnt jne puas,1
min shopee saran belanja pilih shopee tolong cod buka kurir bayar pesan barang kirim,2
habis uninstal voucher gratis ongkos kirim bayar sea bank cod maaf pindah ijo,1
tolong kurir spx kalimantan timur pecat komplot tipu bayar cod antar barang ambil gudang transaksi cod suruh transfer aplikasi shopee ulas spx kaltim korban tipu,2
aplikasi belanja okee gratis ongkos kirim voucher cashback aplikasi mudah bayar bayar alfamart cod tf bank review beli mudah barang sesuai engga sesuai foto deskripsi,1
cod buka,2
aplikasi gak konsisten rasa biaya cod gak aplikasi berat gak ubah,2
belanja shopee bagus mohon kerja jasa expedisi amanah expedisi j t reguler daerah timika buruk barang sengaja tahan beli bibit tanam sistem bayar cod suruh ambil j t saran wilayah papua pakai expedisi rekomended ninja van id,1
bikin puas kirim buka bayar langgan nikmat blanja shopee dikarnakan cod buka bayar tipu,1
moga free ongkos kirim cod biaya tangan dimurahin yaa min shopee,2
nyaman pakai shopee voucher discount belanja live kirim cepat aman sistem bayar pilih paket cod cek bayar sedia pokok aman deh belanja shopee,1
shoppee aplikasi bagus belanja bayar cod rekomendasi aplikasi nyaman pokok,1
apk idiot katannya gratis ongkos kirim nyata cod cod rp beli barang beli ongkos kirim idiot,1
lumayan diskon respon batal order lumayan cepat lumayan nyaman bayar cod,1
maaf tuju bijak shopee pilih jasa kirim pilih jasa kirim baik nyata pesan gratis ongkos kirim cod checkout voucher grtis ongkos kirim gratis krena kena biaya tangan mahal banding tahun shopee mohon serba sulit,1
alam aplikasi shopee pilih alamat metode bayar pilih bug aplikasi shopee pilih cod refresh bayar pay latter,2
pesan paket cod ga kirim shopee tulis tuju gak gak cod mentang paket cod,2
aplikasi hapus barang cod konfirmasi ekspedisi j t tau retur ulang coba lapor shopee jelas kesan sperti lempar komplennya susah ekspedisi dikomplennya gak j t gak dipake shopee jasa kirim niat download ku download gak usa deh,1
shopee update susah fitur cod fitur belanja cod belanja ribu bisaa jual aktif cod cod alamat masuk jangkau dekat,1
gk cod min tolong benerin shopee shopee udh dibenerin mimin langgan dech shopee,2
shopee cod beli tuh gk cod kak download shopee ter install coba,2
nyesel ngeupdatenya lambat check out reng keranjang muncul metode bayar cod pilih barang filter cod eh suruh metode seabank suka shopee,0
suka dg layan shopee pakai cod beli barang shopee kirim gratis bayar biaya layan biaya potong dr shopee gak fungsi jatuh sesuai harga plus biaya tambah tolong belah tutup gratis ongkos kirim gratis gak biaya admin,1
sopy mantaf terima kasih sopy ayo belanja sopy belanja sopee mudah ga ribet cod poko mantaf terima kasih sopiee belanja sopee untung sopir mantaf bantu trimakasih sopie mantaff,1
bantu blanja praktis sibuk tinggal klik pilih suka tinggal transfer cod transfer smua bank mudah krna ptunjuk untk transfer lwat atm lwat apa saat pandemi skrng bantu belanja shopee,1
sistem bayar pakai metode bca barang kirim dibatalin sistem bilang bayar bayar barang engga kirim sistem cod beli pakai metode bca bilang bayar,2
belanja eh ga cod gilir belanja abang kurir nyasarin paket dibalikkin agen kegasa ga cod,2
lemoottnyaa aplikasi upgrade sinyal hp cod pakai biaya tangan biaya lai moga depan ringan biaya,1
shopee aplikasi belanja ok proses gampang cod belanja gratis ongkos kirim diskon paket kirim kirim cepat love shopee,1
terimakasih untu apk shpoee bantu belanja online kurang sistem cod mati kasihan kurir antar paket customer customer suka marah gak bayar kesel ga sesuai pesan salah toko bodoh tuh customer gak erti sistem cod mati sistem cod min,0
shoppe skrg gratis ongkos kirim biaya tambah layan biaya cod lainlain pdahal nyaman pke shoppe jaman kuliah,1
mahal biaya tangan cod malas belanja tu cod gk mana harus shopee beda udh langgan cod tampa masalah kasih ringan,1
atur cod cek bayar bantu belanja terima kasih shoope sukses,1
